Workbook
Name ACTION: #REF!
Name ACTION: #REF!

Sheet Cover
B2: TEST REPORT DOCUMENT
A4: Project Name | B4: <Project Name> | E4: Creator
A5: Project Code | B5: <Project Code> | E5: Issue Date | F5: <Date when this test report is created>
A6: Document Code | B6: =B5&"_"&"XXX"&"_"&"vx.x" -> <Project Code>_XXX_vx.x | E6: Version
A9: Record of change
A10: Effective Date | B10: Version | C10: Change Item | D10: *A,D,M | E10: Change description | F10: Reference
A11: <Date when these changes are effective> | F11: <List of documents which are refered in this version.>

Sheet Test Cases
D1: TEST CASE LIST
B3: Project Name | D3: =#REF! -> #REF!
B4: Project Code | D4: =#REF! -> #REF!
B5: Test Environment Setup Description | D5: <List enviroment requires in this system 1. Server 2. Database 3. Web Browser ... >
B8: No | C8: Function Name | D8: Sheet Name | E8: Description | F8: Pre-Condition
B9: 1 | C9: Function A | D9: Feature1
B10: 2 | C10: Function B | D10: Feature1
B11: 3 | C11: Function C | D11: Feature1
B12: 4 | C12: Function D | D12: Feature2
B13: 5 | C13: Function E | D13: Feature2

Sheet Test Statistics
B1: TEST STATISTICS
B3: Project Name | C3: <Project Name> | E3: Creator
B4: Project Code | C4: <Project Code> | E4: Reviewer/Approver
B5: Document Code | C5: =C4&"_"&"Test Report"&"_"&"vx.x" -> <Project Code>_Test Report_vx.x | E5: Issue Date | H5: <Date when this test report is created>
B6: Notes | C6: <List modules included in this release> ex: Release 1 includes 2 modules: Module1 and Module2
B10: No | C10: Module code | D10: Passed | E10: Failed | F10: Pending | G10: N/A | H10: Number of test cases
B11: 1 | C11: ='Feature 1'!B2 -> <Feature Name1> | D11: ='Feature 1'!B6 -> 0 | E11: ='Feature 1'!C6 -> 0 | F11: ='Feature 1'!D6 -> 6 | G11: ='Feature 1'!E6 -> 0 | H11: ='Feature 1'!B4 -> 8
B12: 2 | C12: ='Feature 2'!B2 -> <Feature Name2> | D12: ='Feature 2'!B6 -> 0 | E12: ='Feature 2'!C6 -> 0 | F12: ='Feature 2'!D6 -> 5 | G12: ='Feature 2'!E6 -> 0 | H12: ='Feature 2'!B4 -> 7
C14: Sub total | D14: =SUM(D9:D13) -> 0 | E14: =SUM(E9:E13) -> 0 | F14: =SUM(F9:F13) -> 11 | G14: =SUM(G9:G13) -> 0 | H14: =SUM(H9:H13) -> 15
C16: Test coverage | E16: =(D14+E14)*100/(H14-G14) -> 0 | F16: %
C17: Test successful coverage | E17: =D14*100/(H14-G14) -> 0 | F17: %

Sheet Feature 1
A2: Feature | B2: <Feature Name1> | R2: Passed
A3: Test requirement | B3: <Brief description about requirements which are tested in this sheet> | R3: Failed
A4: Number of TCs | B4: =COUNTA(A12:A1000) -> 8 | R4: Pending
A5: Testing Round | B5: Passed | C5: Failed | D5: Pending | E5: N/A | R5: N/A
A6: Round 1 | B6: =COUNTIF($F10:$F998,B5) -> 0 | C6: =COUNTIF($F10:$F998,C5) -> 0 | D6: =COUNTIF($F10:$F998,D5) -> 6 | E6: =COUNTIF($F10:$F998,E5) -> 0
A7: Round 2 | B7: =COUNTIF($F10:$F998,B5) -> 0 | C7: =COUNTIF($F10:$F998,C5) -> 0 | D7: =COUNTIF($F10:$F998,D5) -> 6 | E7: =COUNTIF($F10:$F998,E5) -> 0
A8: Round 3 | B8: =COUNTIF($F10:$F998,B5) -> 0 | C8: =COUNTIF($F10:$F998,C5) -> 0 | D8: =COUNTIF($F10:$F998,D5) -> 6 | E8: =COUNTIF($F10:$F998,E5) -> 0
A10: Test Case ID | B10: Test Case Description | C10: Test Case Procedure | D10: Expected Results | E10: Pre-conditions | F10: Round 1 | G10: Test date | H10: Tester | I10: Round 2 | J10: Test date | K10: Tester | L10: Round 3 | M10: Test date | N10: Tester | O10: Note
A11: Function A
A12: <ID1> | B12: <Brief description of this case: what is tested?> Ex: Test viewing "Company" form. | C12: <Describe steps to perform this case> Ex: 1. Login the system with Manager role. 2. Click "Company" tab in the left menu. | D12: <Describe results which meet customer's requirement> Ex: The "Company" view form is displayed with the folowing informations: - Company name - Company address - Phone - Fax | E12: <List all test cases or conditions that must be done before performing this case> | F12: Pending | I12: Pending | L12: Pending
A13: <ID2> | B13: <Test case 2> | F13: Pending | I13: Pending | L13: Pending
A14: <ID3> | B14: <Test case 3> | F14: Pending | I14: Pending | L14: Pending
A15: Function B
A16: <ID4> | B16: <Test case 4> | F16: Pending | I16: Pending | L16: Pending
A17: <ID5> | B17: <Test case 5> | F17: Pending | I17: Pending | L17: Pending
A18: Function C
A19: <ID6> | B19: <Test case 6> | F19: Pending | I19: Pending | L19: Pending

Sheet Feature 2
A2: Feature | B2: <Feature Name2> | R2: Passed
A3: Test requirement | B3: <Brief description about requirements which are tested in this sheet> | R3: Failed
A4: Number of TCs | B4: =COUNTA(A12:A998) -> 7 | R4: Pending
A5: Testing Round | B5: Passed | C5: Failed | D5: Pending | E5: N/A | R5: N/A
A6: Round 1 | B6: =COUNTIF($F10:$F996,B5) -> 0 | C6: =COUNTIF($F10:$F996,C5) -> 0 | D6: =COUNTIF($F10:$F996,D5) -> 5 | E6: =COUNTIF($F10:$F996,E5) -> 0
A7: Round 2 | B7: =COUNTIF($F10:$F996,B5) -> 0 | C7: =COUNTIF($F10:$F996,C5) -> 0 | D7: =COUNTIF($F10:$F996,D5) -> 5 | E7: =COUNTIF($F10:$F996,E5) -> 0
A8: Round 3 | B8: =COUNTIF($F10:$F996,B5) -> 0 | C8: =COUNTIF($F10:$F996,C5) -> 0 | D8: =COUNTIF($F10:$F996,D5) -> 5 | E8: =COUNTIF($F10:$F996,E5) -> 0
A10: Test Case ID | B10: Test Case Description | C10: Test Case Procedure | D10: Expected Results | E10: Pre-conditions | F10: Round 1 | G10: Test date | H10: Tester | I10: Round 2 | J10: Test date | K10: Tester | L10: Round 3 | M10: Test date | N10: Tester | O10: Note
A11: Function D
A12: <ID1> | B12: <Brief description of this case: what is tested?> Ex: Test viewing "Company" form. | C12: <Describe steps to perform this case> Ex: 1. Login the system with Manager role. 2. Click "Company" tab in the left menu. | D12: <Describe results which meet customer's requirement> Ex: The "Company" view form is displayed with the folowing informations: - Company name - Company address - Phone - Fax | E12: <List all test cases or conditions that must be done before performing this case> | F12: Pending | I12: Pending | L12: Pending
A13: <ID2> | B13: <Test case 2> | F13: Pending | I13: Pending | L13: Pending
A14: <ID3> | B14: <Test case 3> | F14: Pending | I14: Pending | L14: Pending
A15: Function E
A16: <ID4> | B16: <Test case 4> | F16: Pending | I16: Pending | L16: Pending
A17: <ID5> | B17: <Test case 5> | F17: Pending | I17: Pending | L17: Pending
A18: 6
